<?xml version="1.0" encoding="UTF-8"?>
<root>
  <item name="cn.bingoogolapple.refreshlayout.BGARefreshViewHolder void setLoadMoreBackgroundColorRes(int) 0">
    <annotation name="android.support.annotation.ColorRes" />
  </item>
  <item name="cn.bingoogolapple.refreshlayout.BGARefreshViewHolder void setLoadMoreBackgroundDrawableRes(int) 0">
    <annotation name="android.support.annotation.DrawableRes" />
  </item>
  <item name="cn.bingoogolapple.refreshlayout.BGARefreshViewHolder void setRefreshViewBackgroundColorRes(int) 0">
    <annotation name="android.support.annotation.ColorRes" />
  </item>
  <item name="cn.bingoogolapple.refreshlayout.BGARefreshViewHolder void setRefreshViewBackgroundDrawableRes(int) 0">
    <annotation name="android.support.annotation.DrawableRes" />
  </item>
</root>

