<?xml version="1.0" encoding="UTF-8"?>
<root>
  <item name="android.support.design.widget.AppBarLayout.LayoutParams int getScrollFlags()">
    <annotation name="android.support.annotation.IntDef">
      <val name="flag" val="true" />
      <val name="value" val="{android.support.design.widget.AppBarLayout.LayoutParams.SCROLL_FLAG_SCROLL, android.support.design.widget.AppBarLayout.LayoutParams.SCROLL_FLAG_EXIT_UNTIL_COLLAPSED, android.support.design.widget.AppBarLayout.LayoutParams.SCROLL_FLAG_ENTER_ALWAYS, android.support.design.widget.AppBarLayout.LayoutParams.SCROLL_FLAG_ENTER_ALWAYS_COLLAPSED}" />
    </annotation>
  </item>
  <item name="android.support.design.widget.AppBarLayout.LayoutParams void setScrollFlags(int) 0">
    <annotation name="android.support.annotation.IntDef">
      <val name="flag" val="true" />
      <val name="value" val="{android.support.design.widget.AppBarLayout.LayoutParams.SCROLL_FLAG_SCROLL, android.support.design.widget.AppBarLayout.LayoutParams.SCROLL_FLAG_EXIT_UNTIL_COLLAPSED, android.support.design.widget.AppBarLayout.LayoutParams.SCROLL_FLAG_ENTER_ALWAYS, android.support.design.widget.AppBarLayout.LayoutParams.SCROLL_FLAG_ENTER_ALWAYS_COLLAPSED}" />
    </annotation>
  </item>
  <item name="android.support.design.widget.CollapsingToolbarLayout void setContentScrimResource(int) 0">
    <annotation name="android.support.annotation.DrawableRes" />
  </item>
  <item name="android.support.design.widget.CollapsingToolbarLayout void setStatusBarScrimResource(int) 0">
    <annotation name="android.support.annotation.DrawableRes" />
  </item>
  <item name="android.support.design.widget.CollapsingToolbarLayout.LayoutParams int getCollapseMode()">
    <annotation name="android.support.annotation.IntDef">
      <val name="value" val="{android.support.design.widget.CollapsingToolbarLayout.LayoutParams.COLLAPSE_MODE_OFF, android.support.design.widget.CollapsingToolbarLayout.LayoutParams.COLLAPSE_MODE_PIN, android.support.design.widget.CollapsingToolbarLayout.LayoutParams.COLLAPSE_MODE_PARALLAX}" />
    </annotation>
  </item>
  <item name="android.support.design.widget.CollapsingToolbarLayout.LayoutParams void setCollapseMode(int) 0">
    <annotation name="android.support.annotation.IntDef">
      <val name="value" val="{android.support.design.widget.CollapsingToolbarLayout.LayoutParams.COLLAPSE_MODE_OFF, android.support.design.widget.CollapsingToolbarLayout.LayoutParams.COLLAPSE_MODE_PIN, android.support.design.widget.CollapsingToolbarLayout.LayoutParams.COLLAPSE_MODE_PARALLAX}" />
    </annotation>
  </item>
  <item name="android.support.design.widget.NavigationView android.view.View inflateHeaderView(int) 0">
    <annotation name="android.support.annotation.LayoutRes" />
  </item>
  <item name="android.support.design.widget.NavigationView void setItemBackgroundResource(int) 0">
    <annotation name="android.support.annotation.DrawableRes" />
  </item>
  <item name="android.support.design.widget.Snackbar android.support.design.widget.Snackbar make(android.view.View, int, int) 2">
    <annotation name="android.support.annotation.IntDef">
      <val name="value" val="{android.support.design.widget.Snackbar.LENGTH_SHORT, android.support.design.widget.Snackbar.LENGTH_LONG}" />
    </annotation>
  </item>
  <item name="android.support.design.widget.Snackbar android.support.design.widget.Snackbar make(android.view.View, java.lang.CharSequence, int) 2">
    <annotation name="android.support.annotation.IntDef">
      <val name="value" val="{android.support.design.widget.Snackbar.LENGTH_SHORT, android.support.design.widget.Snackbar.LENGTH_LONG}" />
    </annotation>
  </item>
  <item name="android.support.design.widget.Snackbar android.support.design.widget.Snackbar setAction(int, android.view.View.OnClickListener) 0">
    <annotation name="android.support.annotation.StringRes" />
  </item>
  <item name="android.support.design.widget.Snackbar android.support.design.widget.Snackbar setDuration(int) 0">
    <annotation name="android.support.annotation.IntDef">
      <val name="value" val="{android.support.design.widget.Snackbar.LENGTH_SHORT, android.support.design.widget.Snackbar.LENGTH_LONG}" />
    </annotation>
  </item>
  <item name="android.support.design.widget.Snackbar android.support.design.widget.Snackbar setText(int) 0">
    <annotation name="android.support.annotation.StringRes" />
  </item>
  <item name="android.support.design.widget.Snackbar int getDuration()">
    <annotation name="android.support.annotation.IntDef">
      <val name="value" val="{android.support.design.widget.Snackbar.LENGTH_SHORT, android.support.design.widget.Snackbar.LENGTH_LONG}" />
    </annotation>
  </item>
  <item name="android.support.design.widget.TabLayout int getTabGravity()">
    <annotation name="android.support.annotation.IntDef">
      <val name="flag" val="true" />
      <val name="value" val="{android.support.design.widget.TabLayout.GRAVITY_FILL, android.support.design.widget.TabLayout.GRAVITY_CENTER}" />
    </annotation>
  </item>
  <item name="android.support.design.widget.TabLayout int getTabMode()">
    <annotation name="android.support.annotation.IntDef">
      <val name="value" val="{android.support.design.widget.TabLayout.MODE_SCROLLABLE, android.support.design.widget.TabLayout.MODE_FIXED}" />
    </annotation>
  </item>
  <item name="android.support.design.widget.TabLayout void setTabGravity(int) 0">
    <annotation name="android.support.annotation.IntDef">
      <val name="flag" val="true" />
      <val name="value" val="{android.support.design.widget.TabLayout.GRAVITY_FILL, android.support.design.widget.TabLayout.GRAVITY_CENTER}" />
    </annotation>
  </item>
  <item name="android.support.design.widget.TabLayout void setTabMode(int) 0">
    <annotation name="android.support.annotation.IntDef">
      <val name="value" val="{android.support.design.widget.TabLayout.MODE_SCROLLABLE, android.support.design.widget.TabLayout.MODE_FIXED}" />
    </annotation>
  </item>
</root>

